<?xml version="1.0" encoding="UTF-8"?>
<config xmlns="http://www.knime.org/2008/09/XMLConfig" xmlns:xsi="http://www.w3.org/2001/XMLSchema-instance" xsi:schemaLocation="http://www.knime.org/2008/09/XMLConfig http://www.knime.org/XMLConfig_2008_09.xsd" key="model.xml">
<entry key="version" type="xint" value="1"/>
<entry key="class_name" type="xstring" value="org.knime.base.data.normalize.NormalizerPortObject"/>
<config key="model">
<config key="columns">
<config key="periods">
<entry key="column_name" type="xstring" value="periods"/>
<entry key="column_scale" type="xdouble" value="0.662089873743504"/>
<entry key="column_translate" type="xdouble" value="-1.364591206688722"/>
<entry key="column_min" type="xdouble" value="NaN"/>
<entry key="column_max" type="xdouble" value="NaN"/>
</config>
<config key="slashes">
<entry key="column_name" type="xstring" value="slashes"/>
<entry key="column_scale" type="xdouble" value="0.6258153148769064"/>
<entry key="column_translate" type="xdouble" value="-1.5323000482759983"/>
<entry key="column_min" type="xdouble" value="NaN"/>
<entry key="column_max" type="xdouble" value="NaN"/>
</config>
<config key="length">
<entry key="column_name" type="xstring" value="length"/>
<entry key="column_scale" type="xdouble" value="0.02278384991195271"/>
<entry key="column_translate" type="xdouble" value="-1.153578754929565"/>
<entry key="column_min" type="xdouble" value="NaN"/>
<entry key="column_max" type="xdouble" value="NaN"/>
</config>
<config key="numberCount">
<entry key="column_name" type="xstring" value="numberCount"/>
<entry key="column_scale" type="xdouble" value="0.08693466190691061"/>
<entry key="column_translate" type="xdouble" value="-0.41307265418866285"/>
<entry key="column_min" type="xdouble" value="NaN"/>
<entry key="column_max" type="xdouble" value="NaN"/>
</config>
<config key="firstdigit">
<entry key="column_name" type="xstring" value="firstdigit"/>
<entry key="column_scale" type="xdouble" value="6.080767890863193"/>
<entry key="column_translate" type="xdouble" value="-0.16915804412551022"/>
<entry key="column_min" type="xdouble" value="NaN"/>
<entry key="column_max" type="xdouble" value="NaN"/>
</config>
<config key="IP">
<entry key="column_name" type="xstring" value="IP"/>
<entry key="column_scale" type="xdouble" value="8.22796252172578"/>
<entry key="column_translate" type="xdouble" value="-0.1233866365714449"/>
<entry key="column_min" type="xdouble" value="NaN"/>
<entry key="column_max" type="xdouble" value="NaN"/>
</config>
<config key="semicolon">
<entry key="column_name" type="xstring" value="semicolon"/>
<entry key="column_scale" type="xdouble" value="1.425341658854159"/>
<entry key="column_translate" type="xdouble" value="-0.09306885879409102"/>
<entry key="column_min" type="xdouble" value="NaN"/>
<entry key="column_max" type="xdouble" value="NaN"/>
</config>
<config key="domain">
<entry key="column_name" type="xstring" value="domain"/>
<entry key="column_scale" type="xdouble" value="1.6166620635005688"/>
<entry key="column_translate" type="xdouble" value="-1.6532244658424724"/>
<entry key="column_min" type="xdouble" value="NaN"/>
<entry key="column_max" type="xdouble" value="NaN"/>
</config>
<config key="hash">
<entry key="column_name" type="xstring" value="hash"/>
<entry key="column_scale" type="xdouble" value="5.973996433250022"/>
<entry key="column_translate" type="xdouble" value="-0.17236467265987576"/>
<entry key="column_min" type="xdouble" value="NaN"/>
<entry key="column_max" type="xdouble" value="NaN"/>
</config>
</config>
<entry key="summary" type="xstring" value="Z-Score (Gaussian) normalization on 9 column(s)"/>
</config>
</config>
